energy,liveness,tempo,speechiness,acousticness,instrumentalness,time_signature,danceability,key,duration_ms,loudness,valence,mode,type,uri,song_names,artist
0.816,0.0967,178.086,0.167,0.228,0.0,4,0.653,2,228827,-4.353,0.816,1,audio_features,spotify:track:6rPO02ozF3bM7NnOV4h6s2,Despacito - Remix,Luis Fonsi
0.821,0.117,101.974,0.0377,0.154,0.0233,4,0.796,6,205893,-5.988,0.799,0,audio_features,spotify:track:7v8xMXZUe3ZPzke2tjZnO1,Validée,Booba
0.523,0.16,155.962,0.0448,0.135,1.59e-05,4,0.683,4,250213,-6.362,0.627,0,audio_features,spotify:track:1C0nyj6S7Dlmw3d5iN4PNg,Plus rien ne m'étonne,Tiken Jah Fakoly
0.0697,0.0952,76.742,0.0522,0.972,0.833,3,0.331,0,190907,-22.8,0.119,1,audio_features,spotify:track:1yxtH0kEHhCFQAWIXgidmA,Ave Maria,Johann Sebastian Bach
"0.0132,0.0914,82.658,0.0407,0.953,0.382,4,0.174,10,349427,-33.391,0.103,1,audio_features,spotify:track:7802P6tTApAfg0iCAtSYai,""Violin Sonata No. 5 In F Major, Op. 24, """"Spring"""": Ii. Adagio"",Ludwig van Beethoven"
"0.00764,0.116,164.068,0.0683,0.996,0.885,3,0.213,1,316707,-36.81,0.133,0,audio_features,spotify:track:6jiw7N4nFOqnBZ40nwMMq1,""Piano Sonata No. 14 In C-sharp Minor, Op. 27, No. 2, """"Moonlight"""": I. Adagio"",Ludwig van Beethoven"
"0.00455,0.113,66.974,0.05,0.996,0.866,4,0.346,8,288573,-35.357,0.0997,1,audio_features,spotify:track:773Rot8tGo8EJc4pYcvfW3,""Piano Sonata No. 8 In C Minor, Op. 13, """"Pathetique"""": Ii. Adagio"",Ludwig van Beethoven"
"0.0526,0.088,68.084,0.0433,0.988,0.883,4,0.0767,3,361173,-27.386,0.0396,1,audio_features,spotify:track:52ABAoOxcCvag6wCz4Pcjg,""Serenade No. 10 In B-flat Major, K. 361 """"Gran Partita"""": Adagio"",Wolfgang Amadeus Mozart"
"0.0853,0.101,149.153,0.0373,0.99,0.913,4,0.361,5,740400,-22.644,0.29,1,audio_features,spotify:track:5KFYgxdJCyCeWaH4nAVCuS,""Piano Concerto No. 19 In F Major, K. 459: Allegro"",Wolfgang Amadeus Mozart"
"0.121,0.084,114.732,0.0459,0.959,0.881,4,0.276,9,347080,-20.885,0.45,1,audio_features,spotify:track:6DVLRudZv4bprppOo4sSQn,""Flute Quartet In A Major, K. 298: Andante"",Wolfgang Amadeus Mozart"
"0.0371,0.101,88.899,0.0379,0.967,0.877,4,0.322,7,331360,-24.66,0.217,1,audio_features,spotify:track:2jSeo4GTWxCZKaP1H2gfyW,""Serenade No. 4 In D Major, K. 203: Andante"",Wolfgang Amadeus Mozart"
"0.0882,0.086,113.015,0.0451,0.975,0.867,4,0.333,5,456600,-22.512,0.332,1,audio_features,spotify:track:38lYfR3QK00sloZSW4PEuX,""Concerto for Flute & Harp In C Major, K. 299: Ii. Andantino"",Wolfgang Amadeus Mozart"
"0.0759,0.0942,176.063,0.0406,0.964,0.918,3,0.112,9,291120,-20.297,0.0546,1,audio_features,spotify:track:4OsXyB1I3X6kYYe1GU82Zy,""The Sleeping Beauty, Op. 66: Entrance of the Good Fairies"",Pyotr Ilyich Tchaikovsky"
"0.0192,0.0774,87.569,0.0727,0.994,0.839,4,0.506,7,199893,-29.442,0.118,0,audio_features,spotify:track:4Lbozc1CNSJNWVmbgBcO0O,""12 Morceaux, Op. 40: No. 2. Chanson Triste In G Minor"",Pyotr Ilyich Tchaikovsky"
0.309,0.106,123.974,0.0427,0.774,0.0,4,0.766,11,187053,-9.922,0.457,1,audio_features,spotify:track:371wHShA5ERqTuwuRj8xgG,Rimas pa' seducir,Cultura Profética
0.746,0.171,128.982,0.0923,0.134,2.33e-05,4,0.659,9,363920,-5.636,0.666,1,audio_features,spotify:track:2jz6smAw1Pzy7Gs5AJACv3,La complicidad,Cultura Profética
0.604,0.181,140.093,0.059,0.15,1.71e-05,4,0.735,9,310853,-5.01,0.623,1,audio_features,spotify:track:3AUF2LhnUFlSodvFq50bPG,Amante luz,Cultura Profética
0.564,0.157,121.058,0.0368,0.333,0.000914,4,0.799,9,296293,-5.854,0.668,0,audio_features,spotify:track:4HdN4R0n6RU401N0FmS4e2,Para estar,Cultura Profética
0.528,0.099,86.017,0.191,0.639,0.0,4,0.499,5,273387,-8.266,0.336,0,audio_features,spotify:track:0yThzO62cGQo3Y2XEr7JjH,En la oscuridad,Cultura Profética
0.766,0.165,123.935,0.0485,0.165,0.0,5,0.777,4,267253,-3.834,0.768,0,audio_features,spotify:track:1rWksds0t6BM5phg9qeEKv,Baja la tensión,Cultura Profética
0.587,0.0907,116.901,0.0485,0.35,0.0,4,0.827,10,305000,-4.666,0.769,0,audio_features,spotify:track:2K2YkSn2utzsRntEClbyB8,Ilegal,Cultura Profética
0.657,0.0843,126.914,0.0916,0.354,0.000619,4,0.863,9,284093,-4.843,0.775,0,audio_features,spotify:track:1iacxi13r4eNkwYEtiqRxB,Somos muchos,Cultura Profética
0.6,0.205,127.915,0.0443,0.185,1.65e-05,4,0.66,9,306253,-5.544,0.499,0,audio_features,spotify:track:5swQPv1Nj5XNgIg5AeAOna,Del tope al fondo,Cultura Profética
0.561,0.1,88.937,0.0399,0.454,0.0233,4,0.589,5,172640,-7.381,0.315,0,audio_features,spotify:track:342EXbThPNJ6xXwT5DFTiA,Me faltabas tú,Cultura Profética
0.7,0.0475,132.044,0.156,0.128,0.0,4,0.83,11,365387,-4.76,0.738,0,audio_features,spotify:track:205glCfI2TErd262A6az6T,Verso terso,Cultura Profética
0.266,0.11,110.279,0.0443,0.901,0.0,5,0.697,11,265893,-9.516,0.419,0,audio_features,spotify:track:0pBewKk1R251xxQzKIh9jr,La espera,Cultura Profética
0.438,0.225,78.331,0.0328,0.393,0.00187,4,0.493,7,223573,-9.488,0.432,1,audio_features,spotify:track:0qaWxVVd3KrP4WY27KWpIe,In a River,Rostam
0.512,0.449,93.055,0.0393,0.503,0.0172,4,0.656,6,238977,-11.496,0.908,1,audio_features,spotify:track:13b7DXwrTyOnYOzYXIOHMt,Pa'lante,Salomón Beda
0.138,0.107,129.472,0.0419,0.865,0.00313,4,0.658,8,317987,-16.717,0.398,1,audio_features,spotify:track:6n50vexd6yBNvSOc6QHT5X,The Girl From Ipanema,Stan Getz
0.678,0.105,91.976,0.0561,0.0333,0.00123,4,0.811,8,266440,-7.357,0.426,1,audio_features,spotify:track:2FhN2KhUvT91Q3Er4v9Qpd,Coastin',Zion I
0.817,0.0884,176.737,0.133,0.296,0.00336,4,0.61,4,202236,-9.45,0.889,0,audio_features,spotify:track:0DfG1ltJnZyq4Tx3ZLL7ZU,Rock Me Amadeus - The Gold Mix,Falco
0.625,0.122,95.545,0.0355,0.0804,0.0,4,0.818,7,172209,-6.512,0.959,1,audio_features,spotify:track:0r1kH7SIkkPP9W7mUknObF,Easy,Cro
0.59,0.0851,99.996,0.0395,0.129,0.00847,4,0.764,7,251773,-4.292,0.281,1,audio_features,spotify:track:5LciLoxa1gK70yIUeoHgRx,To My Love - Tainy Remix,Bomba Estéreo
0.613,0.108,120.059,0.0353,0.0752,0.786,4,0.697,9,236924,-9.249,0.214,1,audio_features,spotify:track:1kCpiMC5axrHlYNrvZjrEJ,Burns - Moby Remix (Edit),George FitzGerald
0.55,0.273,114.995,0.0428,0.02,0.899,4,0.765,5,237773,-10.73,0.218,1,audio_features,spotify:track:337GOwUkPisx8pCL7jFBeD,FACES,The Blaze
0.427,0.103,154.041,0.0552,0.607,0.447,4,0.587,6,236142,-12.008,0.134,1,audio_features,spotify:track:3NAS6MitFvREpnYQ3JalFr,Strobe Lights,Kilian & Jo
0.778,0.0753,134.945,0.0459,0.0712,1.23e-06,4,0.583,4,225040,-6.578,0.673,0,audio_features,spotify:track:2bVb4JtkhgZk7a8W3f3tOr,Icarus,Bastille
0.526,0.107,118.995,0.0374,0.0637,0.000459,4,0.817,2,267200,-10.391,0.606,1,audio_features,spotify:track:39Yi5kzFTB5AsTy0I81aB9,Mamita (feat. Natalia Lafourcade),Rawayana
0.434,0.0999,93.003,0.0302,0.83,3.62e-06,4,0.788,5,189067,-7.815,0.585,0,audio_features,spotify:track:7Li9u5C7CNLvqOqhrhZEML,Dulcito e Coco,Vicente Garcia
0.882,0.156,133.971,0.0413,0.0141,0.00527,4,0.586,9,248008,-5.555,0.403,0,audio_features,spotify:track:5NToxqZa79VhZaQLRE6omu,When Doves Cry,Alex Clare
0.42,0.108,109.996,0.0286,0.0715,5.69e-05,4,0.653,11,163985,-7.822,0.44,0,audio_features,spotify:track:1JRL2UNCL1JRwXlou7ByZ8,The Oldest of Sisters,Balthazar
0.661,0.0715,124.988,0.0636,0.14,0.00862,4,0.667,9,186710,-8.442,0.143,1,audio_features,spotify:track:3AZkhtJsX1xFXQV3MuQKnt,In Your Mind,Xibe
0.347,0.095,160.757,0.0364,0.653,0.000185,5,0.22,2,280400,-9.539,0.213,1,audio_features,spotify:track:73DDeCMglYDloLSWpJo3ZK,Remission,ÄTNA
0.335,0.118,125.983,0.0663,0.036,0.763,4,0.803,8,340200,-13.159,0.183,0,audio_features,spotify:track:2q7En96Ns1mdtAUMk1SQoF,Wildfire,Simina Grigoriu
0.608,0.119,116.878,0.0449,0.364,0.0493,4,0.681,2,182667,-6.471,0.418,1,audio_features,spotify:track:5jQXXdzYWGenp2tlzlyGqN,Tessellate,alt-J
0.735,0.0993,122.959,0.0604,0.0163,0.61,4,0.708,10,439565,-9.656,0.72,0,audio_features,spotify:track:3zGB8rE7Guy8R1FJ1csX95,Caje [feat. Narra] - Orginal Version,Niconé
0.578,0.246,125.009,0.043,0.224,0.92,4,0.79,7,165617,-8.753,0.812,0,audio_features,spotify:track:2TBL24r897ewBYvf2hItYc,All Night,Parov Stelar
0.293,0.215,66.974,0.0486,0.786,0.0,4,0.67,5,223086,-10.56,0.36,0,audio_features,spotify:track:3N2vr4m44BBZiVCZ0O4bnf,Thirteen Thirty-Five,Dillon
0.676,0.0904,119.012,0.0547,0.187,0.0001,4,0.821,3,213187,-6.366,0.559,0,audio_features,spotify:track:3gNNXc7GUgKRPR15W77eDR,One Day / Reckoning Song (Wankelmut Remix) [Radio Edit],Asaf Avidan & the Mojos
0.645,0.146,74.985,0.0387,0.118,0.00114,4,0.569,5,227080,-7.368,0.247,1,audio_features,spotify:track:7gARZ2i5u5DHC1b1n1fML5,Breezeblocks,alt-J
0.154,0.122,120.037,0.0724,0.907,0.00151,4,0.868,3,167250,-12.973,0.807,1,audio_features,spotify:track:5c4Yrl4GzS8vc4Mzq1LUFD,Fica Tudo Bem,Silva
0.776,0.458,130.04,0.0448,0.00081,0.0,4,0.617,0,186320,-6.06,0.407,1,audio_features,spotify:track:0gt6DsV3Tx10wdxCoBCtLy,Love Is All I Got,Feed Me
0.213,0.113,103.021,0.0434,0.836,3.25e-05,4,0.777,1,329091,-12.747,0.273,1,audio_features,spotify:track:24MUZWEHpIQ8zgxguyoAsa,Matty Groves,Moriarty
0.56,0.291,80.037,0.0458,0.25,0.000393,4,0.619,9,238142,-7.29,0.447,0,audio_features,spotify:track:6d1To2gZDyaHncnt2WfMuz,Revolver,LUI HILL
0.862,0.0814,123.994,0.11,0.037,2.19e-05,4,0.791,9,214847,-3.24,0.592,0,audio_features,spotify:track:7ef4DlsgrMEH11cDZd32M6,One Kiss (with Dua Lipa),Calvin Harris
0.828,0.151,116.033,0.0417,0.0106,0.0,4,0.607,11,233547,-5.428,0.656,0,audio_features,spotify:track:5euPMkM07PqLiC1Q0DhPiy,All The Way Up,Welshly Arms
0.829,0.307,125.027,0.0399,0.0314,0.283,4,0.697,9,218653,-8.869,0.0398,0,audio_features,spotify:track:4UEzDzyec4Ri3W2i99SurO,She,The Blaze
0.731,0.0722,177.912,0.093,0.204,0.0,4,0.685,5,221027,-5.119,0.786,0,audio_features,spotify:track:4yN6xPLopmTLvc27pO9LIE,Si Tú La Ves (feat. Wisin),Nicky Jam
0.616,0.0816,93.019,0.0272,0.277,0.0,4,0.647,5,218760,-4.948,0.79,1,audio_features,spotify:track:7bXvOMQ3UrcTS1dO9Ppzsg,Sober Up,AJR
0.864,0.222,99.995,0.0468,0.484,0.0,4,0.637,8,214720,-4.381,0.706,1,audio_features,spotify:track:45FrYVS9BScbfO8lujdsW0,Saturday Sun,Vance Joy
0.63,0.149,112.719,0.0527,0.853,1.97e-05,4,0.564,6,210957,-5.048,0.423,0,audio_features,spotify:track:1oaXXLCrcm5JUQD0XgVcle,Lovesick,LAUREL
0.826,0.065,107.073,0.0286,0.0322,0.0,4,0.626,3,193680,-4.734,0.788,0,audio_features,spotify:track:4Hn5Jhz7OAdfTqrKZzN0tf,Found What I've Been Looking For,Tom Grennan
0.608,0.0356,183.98,0.0678,0.0176,6.7e-06,4,0.686,8,222813,-8.046,0.59,0,audio_features,spotify:track:145QaTU2UvcUNkC04RIYkT,Alright,Jain
0.541,0.106,112.308,0.123,0.441,0.0,3,0.543,2,214472,-5.164,0.378,0,audio_features,spotify:track:2EGJB8bDbbxtvSgJQLwqK7,Then,Anne-Marie
0.706,0.0712,118.017,0.067,0.303,0.863,4,0.838,7,213382,-7.626,0.776,0,audio_features,spotify:track:0slkzFvyBWcwnjEEDtYE5E,Ultimatum - Edit,Disclosure
0.129,0.157,80.367,0.0322,0.904,1.52e-06,3,0.363,0,198147,-14.304,0.147,1,audio_features,spotify:track:0Cvjlph1WGbwZY1PlMEtJY,Come Away With Me,Norah Jones
0.474,0.149,79.991,0.0313,0.779,1.23e-06,4,0.685,0,161227,-9.105,0.36,1,audio_features,spotify:track:1jdNcAD8Ir58RlsdGjJJdx,Ho Hey,The Lumineers
0.779,0.045,91.018,0.118,0.0452,2.59e-06,4,0.724,7,243413,-3.501,0.951,1,audio_features,spotify:track:4m6TchyJvvZepSKYZPQFml,Bailando - Spanish Version,Enrique Iglesias
0.353,0.117,114.812,0.0855,0.768,0.00558,4,0.779,0,235640,-11.467,0.709,1,audio_features,spotify:track:4zJgpriKxuCTnhlJDOhnkx,Only You,Ayọ
0.539,0.101,99.947,0.178,0.163,2.1e-06,4,0.833,11,149520,-7.399,0.385,0,audio_features,spotify:track:6MWtB6iiXyIwun0YzU6DFP,Wow.,Post Malone
0.321,0.0884,70.142,0.323,0.578,0.0,4,0.725,1,178640,-10.744,0.319,0,audio_features,spotify:track:14msK75pk3pA33pzPVNtBF,7 rings,Ariana Grande
0.636,0.342,145.972,0.086,0.0395,0.00125,4,0.837,1,288624,-7.643,0.274,1,audio_features,spotify:track:2t8yVaLvJ0RenpXUIAC52d,a lot,21 Savage
0.753,0.0944,138.731,0.11,0.159,0.0,4,0.526,6,229721,-4.818,0.376,0,audio_features,spotify:track:0UJmSMFB05CyY3dTps6g2c,Waves,DAWN
0.673,0.472,86.974,0.16,0.492,1.78e-05,4,0.659,4,215862,-5.733,0.702,1,audio_features,spotify:track:1s6peZNxETxrrfMrveNZW8,Proud of Me (feat. Little Simz),Mahalia
0.818,0.0219,119.965,0.0334,0.00647,4.87e-06,4,0.695,5,182693,-5.379,0.916,0,audio_features,spotify:track:0w5Bdu51Ka25Pf3hojsKHh,Hard Times,Paramore
0.85,0.068,90.002,0.0436,0.0339,2.71e-05,4,0.694,2,240154,-4.833,0.881,0,audio_features,spotify:track:6grso8enYqWOZGupELzO0u,Amanhã Já Era,Nicola Són
0.724,0.13,164.027,0.0689,0.151,0.00189,4,0.748,2,200226,-9.017,0.703,1,audio_features,spotify:track:5JIGmdJjGKukNFJzPnWRUQ,Trap Beldi,ISSAM
0.53,0.0998,123.005,0.0656,0.00172,0.944,4,0.722,7,282747,-11.049,0.0903,0,audio_features,spotify:track:1Xgg0bhjK57PJ6WLYOi3oY,Levo,Recondite
0.241,0.14,56.542,0.0374,0.974,4.36e-06,4,0.44,3,127653,-7.94,0.265,0,audio_features,spotify:track:7fZQFBBemxcu9cPx1pqsMc,Silence,Damso
0.542,0.247,105.005,0.197,0.493,2.75e-06,4,0.692,11,202120,-7.9,0.285,0,audio_features,spotify:track:06O3hxudc6V0BOuoCFSy71,Tout oublier,Angèle
0.44,0.0901,107.091,0.0801,0.822,3.98e-06,4,0.668,9,213200,-10.607,0.127,0,audio_features,spotify:track:3iXhLi33EpUfcOwasC8un1,Ta reine,Angèle
0.466,0.143,115.07,0.114,0.366,3.01e-05,4,0.771,1,221197,-9.755,0.614,1,audio_features,spotify:track:4mNGMNTjcTuQLZds2WTx5B,Rude (feat. Jean Deaux),Sango
0.27,0.112,79.964,0.0342,0.809,0.033,1,0.485,10,168000,-10.537,0.308,0,audio_features,spotify:track:4yOiMpCUGmhZIDGkqiMoAt,Digital Sex,C Y G N
0.447,0.112,98.014,0.0399,0.219,0.688,4,0.757,1,169951,-12.025,0.28,1,audio_features,spotify:track:1YT1zLUNAy4qtdlAFX078j,slumpin,Jinsang
0.561,0.117,80.125,0.243,0.221,0.0,4,0.554,2,208448,-6.683,0.134,1,audio_features,spotify:track:34JhrCXAX7JXmc3gjVaspA,Double Shifts,Charlotte Cardin
0.676,0.428,82.979,0.216,0.0198,1.26e-05,4,0.673,4,211686,-4.888,0.391,0,audio_features,spotify:track:7f4bRMqRKRfUNPW2gbTHSt,Save Me From Myself (with NoMBe & Big Gigantic),Louis The Child
0.834,0.0681,117.88,0.0513,6.24e-05,0.938,4,0.806,0,292305,-4.831,0.844,1,audio_features,spotify:track:6YGlapOroFDIYE4mzM3Gmn,Les Enfants,Cassius
0.788,0.391,177.402,0.152,0.00428,0.639,4,0.574,6,205514,-5.161,0.0738,0,audio_features,spotify:track:3sykiSQr56MVZW1vp3hJgK,b song,San Holo
0.85,0.0545,121.936,0.212,0.0905,2.32e-05,4,0.66,10,224262,-5.443,0.522,0,audio_features,spotify:track:4G37Ti2mThHGFNDWj1s0OH,Brazilian Soul (feat. Sofi Tukker) - FTampa Remix,The Knocks
0.916,0.352,108.257,0.231,0.0687,0.0,5,0.544,1,212290,-2.742,0.454,1,audio_features,spotify:track:2QZBf5Rq9bCHFt7j95G4w2,Bubblin (feat. Busta Rhymes) - Remix,Anderson .Paak
0.533,0.0919,200.066,0.388,0.194,1.4e-05,4,0.56,7,195467,-7.804,0.908,1,audio_features,spotify:track:21pNGvUyQ8NjcfRrzge25F,What If I Go?,Mura Masa
0.45,0.0994,124.977,0.0463,0.87,0.296,4,0.757,2,137012,-11.746,0.938,1,audio_features,spotify:track:4Ww5qPDBEiGZ4GZIQKUAbC,Ciao,Al Caiola
0.398,0.0783,93.087,0.0277,0.483,0.14,4,0.353,5,131187,-8.097,0.66,1,audio_features,spotify:track:6lpZUg2awFNkCjK4g4HFrJ,Sail Along Silvery Moon,Billy Vaughn
"0.667,0.102,107.032,0.0679,0.271,1.2e-06,4,0.746,1,207333,-5.682,0.384,1,audio_features,spotify:track:5udz8YvYKpDRB3gcSILh0e,""thank u, next"",Ariana Grande"
0.909,0.135,154.999,0.0432,0.000766,0.000285,4,0.522,10,243097,-5.962,0.609,0,audio_features,spotify:track:7B9XEzNJ6dVg6iBpRvkKZU,It Gets Better,GRiZ
0.863,0.118,175.908,0.0742,0.0873,1.04e-06,4,0.619,7,196080,-3.753,0.657,1,audio_features,spotify:track:2uAu7cL2SCVlo1MhKY9YLP,Como Enamoraban Antes,Fonseca
0.805,0.291,142.886,0.0856,0.014,3.1e-06,4,0.716,4,133995,-3.839,0.719,1,audio_features,spotify:track:6tHWl8ows5JOZq9Yfaqn3M,Mine,Bazzi
0.672,0.147,91.673,0.068,0.622,0.00108,4,0.466,8,221107,-5.777,0.108,0,audio_features,spotify:track:4rv1ww0dUwFZcDVPqhcOcX,Try Me,The Weeknd
0.736,0.173,94.968,0.0359,0.145,0.000352,4,0.67,7,266643,-6.298,0.179,0,audio_features,spotify:track:6znZbTV31rdQmVDocXV8vH,I Wish I Could (feat. Selah Sue),Selah Sue
0.745,0.104,94.014,0.0464,0.354,2.93e-05,4,0.791,11,188560,-3.695,0.82,0,audio_features,spotify:track:2ijef6ni2amuunRoKTlgww,Sin Pijama,Becky G
"0.872,0.0991,108.974,0.0726,0.00264,0.023,4,0.714,11,197390,-4.138,0.722,1,audio_features,spotify:track:6C8NyKsm8aEwdRXyGYhj55,""1, 2, 3 (feat. De La Ghetto) - The Knocks Remix"",Sofia Reyes"
0.721,0.0505,94.978,0.153,0.111,5.9e-05,4,0.769,10,207720,-4.483,0.618,0,audio_features,spotify:track:31M5m42C3EGlbydf9XB5to,Duro y Suave,Leslie Grace
0.493,0.127,94.016,0.0735,0.128,0.000147,4,0.909,3,197120,-6.688,0.844,1,audio_features,spotify:track:1Ft13La2daEGqz5yWJC7lx,Bella,Wolfine
0.57,0.107,91.917,0.185,0.666,0.0,4,0.692,7,250454,-8.077,0.309,1,audio_features,spotify:track:1It1TxBK3xIQAB4xJkPevn,Blue Lights,Jorja Smith
0.151,0.112,89.016,0.0333,0.67,0.871,4,0.117,10,256520,-17.64,0.0378,1,audio_features,spotify:track:0EQGC3MA6bn3z8Cpv3JkIt,In the Shadow of Man,Philip Glass
0.176,0.106,133.642,0.0375,0.101,0.477,3,0.184,10,289800,-17.59,0.0641,1,audio_features,spotify:track:2CnpW34WDKYhburCxZqbih,Time of Discovery,Philip Glass
0.12,0.125,71.963,0.0416,0.826,0.209,4,0.164,10,245693,-22.3,0.0383,1,audio_features,spotify:track:5zrI19qXGFL7lHCRiNQqmL,Mother,Philip Glass
0.171,0.114,86.18,0.0331,0.539,0.774,4,0.294,10,271987,-17.631,0.0769,1,audio_features,spotify:track:6Xa5J6QySFKK5AvN4Jmwhq,The Proposal,Philip Glass
0.216,0.119,108.193,0.0443,0.669,0.88,3,0.226,2,245000,-17.14,0.0772,0,audio_features,spotify:track:2GS6EzCSMwQLIxPZbST6ou,Serengeti,Philip Glass
0.377,0.176,128.834,0.0407,0.307,0.949,3,0.24,10,166440,-15.551,0.206,1,audio_features,spotify:track:75zomOuF5Xe3fCrYbggeyx,The Aggression,Philip Glass
0.0589,0.106,116.976,0.037,0.919,0.774,4,0.246,4,333987,-22.928,0.0496,0,audio_features,spotify:track:5Cy0vzv2orXidIwWf6mAea,Hugo Arrives,Philip Glass
0.694,0.251,148.048,0.051,0.0152,0.965,4,0.538,5,212760,-13.185,0.563,1,audio_features,spotify:track:7fa59yrSxdnviuReYb94w6,Teeming Life,Philip Glass
0.128,0.112,79.065,0.0449,0.853,0.913,4,0.139,2,227960,-21.632,0.106,1,audio_features,spotify:track:3kRAtGJJGY5jolVB5sUDJO,Grub is Born,Philip Glass
0.0599,0.114,184.266,0.0394,0.856,0.932,3,0.115,7,251587,-21.557,0.0358,0,audio_features,spotify:track:0DcsIiTE6l7PqI4DVA1oCe,A New Generation,Philip Glass
0.216,0.0779,110.73,0.0382,0.734,0.934,3,0.194,9,197467,-15.221,0.0391,0,audio_features,spotify:track:0t82zqUswO6oTv4zAHd56j,Parent and Child,Philip Glass
0.0458,0.189,100.593,0.0401,0.58,0.909,5,0.139,10,191667,-19.167,0.0374,1,audio_features,spotify:track:62SNAjLWcrPxYcf3rKRaAm,Flint Dies,Philip Glass
0.266,0.18,132.403,0.0314,0.513,0.93,3,0.236,7,276200,-16.712,0.0888,1,audio_features,spotify:track:0Jnmhjxq7KmboAzK702uNq,Time in Gombe,Philip Glass
0.236,0.476,103.648,0.0391,0.0416,0.895,4,0.378,0,88893,-16.408,0.112,1,audio_features,spotify:track:3pk1ycSonVHDk0dlbfPNro,Community Divides,Philip Glass
0.294,0.103,122.388,0.0373,0.288,0.945,4,0.174,0,223760,-12.826,0.0399,1,audio_features,spotify:track:6aDerNa8GOuJGIqa13gdmg,Perfect Life,Philip Glass
0.302,0.0887,129.999,0.0372,0.736,0.163,4,0.718,6,266907,-12.086,0.333,1,audio_features,spotify:track:0ZNYGrmcehorhh9JOeg5Iv,Stay Alive,José González
0.854,0.123,171.957,0.123,0.312,0.0,4,0.625,1,232473,-5.939,0.737,1,audio_features,spotify:track:4WDGthi6OTGai45K41Al70,Déjame Ser,Manuel Carrasco
0.753,0.0921,139.048,0.0407,0.000665,7.74e-06,4,0.55,6,189693,-4.003,0.841,0,audio_features,spotify:track:1qfYG2JrchEyJiqKnkE7YQ,What You Know,Two Door Cinema Club
0.657,0.0713,115.958,0.105,0.264,0.00619,4,0.863,7,235813,-7.295,0.829,1,audio_features,spotify:track:7anBA0IdgFaN3Pbyk2tog0,No Roots,Alice Merton
0.945,0.135,122.02,0.0566,0.171,0.916,4,0.731,5,417738,-7.84,0.223,0,audio_features,spotify:track:6n44rF2nl6rF0q5DYgezS1,Closer,Project Pablo
0.24,0.134,84.477,0.0334,0.926,0.0,5,0.339,8,269387,-8.134,0.312,1,audio_features,spotify:track:6RMybMAAYmyVCYskvR7vby,All of Me,John Legend
0.841,0.0674,125.053,0.152,0.0172,0.411,4,0.892,3,201600,-4.293,0.825,0,audio_features,spotify:track:6mpMjZ1sSkvzICHo9KgTxz,Awoo (feat. Betta Lemme) - Adam Aesalon & Murat Salman Remix,Sofi Tukker
0.869,0.98,127.891,0.0738,0.436,0.0,4,0.532,6,254620,-6.074,0.46,1,audio_features,spotify:track:5imzROfmfaPnWpxnmAnmjS,Tambores De Guerra - En Directo En El Estadio Olímpico De La Cartuja De Sevilla / 2016,Manuel Carrasco
0.918,0.968,133.849,0.186,0.28,0.0,4,0.539,8,284308,-6.01,0.293,1,audio_features,spotify:track:3KDW5LEX1plgkAumyaVOKt,Aprieta - En Directo En El Estadio Olímpico De La Cartuja De Sevilla / 2016,Manuel Carrasco
0.681,0.888,135.528,0.0495,0.741,0.0,4,0.38,0,261724,-6.976,0.351,1,audio_features,spotify:track:2spCVe2Np0biStBPWVq4iB,Y Ahora - En Directo En El Estadio Olímpico De La Cartuja De Sevilla / 2016,Manuel Carrasco
0.81,0.959,77.981,0.05,0.271,0.0,4,0.441,2,247328,-6.661,0.293,0,audio_features,spotify:track:2sz1xR8VGiPnBqQSLAVxFN,Sabrás - En Directo En El Estadio Olímpico De La Cartuja De Sevilla / 2016,Manuel Carrasco
0.702,0.974,136.371,0.0579,0.718,2.46e-05,4,0.377,3,252275,-9.054,0.265,1,audio_features,spotify:track:4EaipFhcdR3ZGvyYjq55Q0,Pequeña Sonrisa Sonora - En Directo En El Estadio Olímpico De La Cartuja De Sevilla / 2016,Manuel Carrasco
0.72,0.977,71.951,0.0655,0.594,0.0,4,0.324,11,265264,-7.618,0.207,1,audio_features,spotify:track:2sxQWt5dz8JmUtKSKFbzzR,La Voz De Dentro - En Directo En El Estadio Olímpico De La Cartuja De Sevilla / 2016,Manuel Carrasco
0.759,0.981,140.031,0.0812,0.115,0.0,4,0.511,11,216938,-7.298,0.342,1,audio_features,spotify:track:2k5KgE6Ut1YlIofrdgAtRf,Mujer De Las Mil Batallas - En Directo En El Estadio Olímpico De La Cartuja De Sevilla / 2016,Manuel Carrasco
0.912,0.977,118.002,0.147,0.0462,0.0,4,0.629,11,279146,-7.005,0.299,1,audio_features,spotify:track:0UVwCdSNX5D5ufv8ZuTYSn,Yo Quiero Vivir - En Directo En El Estadio Olímpico De La Cartuja De Sevilla / 2016,Manuel Carrasco
0.88,0.953,144.943,0.0827,0.0368,3.07e-06,4,0.495,11,272561,-6.726,0.302,0,audio_features,spotify:track:35uZpZPVGXiSabDLnlpYOi,Tan Solo Tú - En Directo En El Estadio Olímpico De La Cartuja De Sevilla / 2016,Manuel Carrasco
0.744,0.975,142.739,0.0525,0.278,8.25e-06,4,0.309,11,361439,-7.508,0.336,1,audio_features,spotify:track:5lmTu3HswH7RaKSFtXVI3r,Bailar El Viento - En Directo En El Estadio Olímpico De La Cartuja De Sevilla / 2016,Manuel Carrasco
0.786,0.981,89.855,0.0622,0.254,0.0,4,0.506,0,257611,-7.634,0.441,0,audio_features,spotify:track:7CQAqzVNn4egJrG5mwqXhB,Uno X Uno - En Directo En El Estadio Olímpico De La Cartuja De Sevilla / 2016,Manuel Carrasco
0.516,0.939,101.692,0.0609,0.878,1.53e-06,3,0.348,4,346998,-9.432,0.277,0,audio_features,spotify:track:29c2bDAR3O8JW6pFn8AP5W,Menos Mal - En Directo En El Estadio Olímpico De La Cartuja De Sevilla / 2016,Manuel Carrasco
0.444,0.839,90.777,0.128,0.89,0.0,3,0.414,6,149005,-11.284,0.606,1,audio_features,spotify:track:4LDOFHjwhoRHiuRfbrK9ro,Yo Te Vi Pasar - En Directo En El Estadio Olímpico De La Cartuja De Sevilla / 2016,Manuel Carrasco
0.762,0.96,116.017,0.342,0.79,3.48e-05,4,0.498,8,152009,-9.846,0.546,1,audio_features,spotify:track:2VAkXAKxetSEBtGA5cKRxK,Soy Afortunado - En Directo En El Estadio Olímpico De La Cartuja De Sevilla / 2016,Manuel Carrasco
0.758,0.978,94.658,0.129,0.414,0.0,4,0.572,0,209548,-8.368,0.761,1,audio_features,spotify:track:1s4ZdqVAabaKIjysebxEvt,No Tengo Prisa - En Directo En El Estadio Olímpico De La Cartuja De Sevilla / 2016,Manuel Carrasco
0.733,0.967,95.98,0.0533,0.754,1.47e-05,4,0.435,8,343520,-7.956,0.25,1,audio_features,spotify:track:0cvSiX6Ga5pBfDEOlTmEn6,No Dejes De Soñar - En Directo En El Estadio Olímpico De La Cartuja De Sevilla / 2016,Manuel Carrasco
0.832,0.961,96.973,0.0622,0.282,3.04e-06,4,0.536,11,355814,-7.03,0.455,1,audio_features,spotify:track:375uITcGWzuoaAPJYz2Lp9,Sígueme - En Directo En El Estadio Olímpico De La Cartuja De Sevilla / 2016,Manuel Carrasco
0.879,0.911,112.073,0.166,0.205,5.88e-05,4,0.522,6,349193,-7.319,0.513,1,audio_features,spotify:track:2EvW4BICUdh4XBsRZkSSK6,Que Nadie - En Directo En El Estadio Olímpico De La Cartuja De Sevilla / 2016,Manuel Carrasco
0.317,0.92,95.17,0.0539,0.961,7.82e-06,3,0.371,11,566903,-12.914,0.166,1,audio_features,spotify:track:6MbBWNGDuBJzDV2NXbQ1bb,Piano Bailando El Viento - En Directo En El Estadio Olímpico De La Cartuja De Sevilla / 2016,Manuel Carrasco
0.849,0.969,139.924,0.157,0.445,0.0,4,0.485,9,236259,-6.863,0.489,1,audio_features,spotify:track:3nIfn65xBnop3YVueGHB4F,Ya No - En Directo En El Estadio Olímpico De La Cartuja De Sevilla / 2016,Manuel Carrasco
0.737,0.895,149.833,0.0641,0.168,1.58e-06,4,0.5,11,345183,-6.553,0.35,1,audio_features,spotify:track:7qLMTG99vUMVELHB0yCjWH,Amor Planetario - En Directo En El Estadio Olímpico De La Cartuja De Sevilla / 2016,Manuel Carrasco
0.724,0.748,99.922,0.199,0.638,5.21e-06,3,0.481,1,360790,-9.746,0.518,0,audio_features,spotify:track:4UIvzmMCkEZj8cZclXpKun,Sevilla - En Directo En El Estadio Olímpico De La Cartuja De Sevilla 2016,Manuel Carrasco
0.781,0.616,143.644,0.0817,0.127,1.86e-06,4,0.394,1,412937,-7.182,0.364,1,audio_features,spotify:track:4HWee28fiPF2blImhykCcG,En El Bar De Los Pesares - En Directo En El Estadio Olímpico De La Cartuja De Sevilla / 2016,Manuel Carrasco
0.704,0.966,139.86,0.0878,0.632,7.15e-05,4,0.343,1,400021,-8.055,0.199,1,audio_features,spotify:track:1fbKeNaD82O8vR08W13jTS,Siendo Uno Mismo - En Directo En El Estadio Olímpico De La Cartuja De Sevilla / 2016,Manuel Carrasco
0.434,0.0893,127.904,0.0561,0.845,0.0,4,0.735,9,253782,-8.209,0.448,1,audio_features,spotify:track:0ecukPDyYZTJDN0sfUeREe,Ya No - Versión Acústica,Manuel Carrasco
0.448,0.109,119.903,0.0463,0.87,1.25e-05,4,0.68,6,334181,-7.827,0.498,1,audio_features,spotify:track:7Eyny0KIFS5qEFOdfZ19LM,Tambores De Guerra - Versión Acústica,Manuel Carrasco
0.307,0.124,68.122,0.0996,0.894,0.0,4,0.455,6,192088,-8.223,0.309,1,audio_features,spotify:track:3zV7zTXbxb2MEnaThBfgEr,Yo Te Vi Pasar,Manuel Carrasco
0.617,0.155,144.832,0.0417,0.297,0.0,4,0.502,8,223141,-6.757,0.337,1,audio_features,spotify:track:3RBiKNn0qns7N0sOLsMD5O,Cuando Llegó El Momento,Manuel Carrasco
0.882,0.225,130.055,0.0281,0.0977,0.0,4,0.633,6,255599,-5.04,0.877,0,audio_features,spotify:track:19okLEjTyCHK1FfrHfivIA,Quiero Estar A Tu Lado,Manuel Carrasco
0.669,0.152,106.888,0.0349,0.211,0.0,4,0.557,8,177997,-7.146,0.516,1,audio_features,spotify:track:0UcKX6QtY5RMu96LJdshhy,La Aventura De Vivir,Manuel Carrasco
0.731,0.102,97.481,0.0438,0.477,0.0,4,0.454,4,186013,-4.921,0.363,0,audio_features,spotify:track:38tsOMarcSzq1BC74aesqi,Mirándote De Frente,Manuel Carrasco
0.944,0.318,123.988,0.0459,0.00163,0.586,4,0.775,8,377475,-6.009,0.399,0,audio_features,spotify:track:5WYHw1zaj1il0KNfjT6sVz,Gypsy King,CamelPhat
0.673,0.0856,120.017,0.0816,0.362,0.531,4,0.785,7,241760,-8.542,0.443,1,audio_features,spotify:track:2AtleKEZy5KkmlAj0krALx,Matadora,Sofi Tukker
0.629,0.0857,128.423,0.0433,0.767,0.00482,4,0.525,9,190696,-7.806,0.303,1,audio_features,spotify:track:6O0rKdBY8tuIIqVfqtlnHL,La Teva Veu,Joan Dausà
0.723,0.12,139.999,0.0752,0.187,0.549,4,0.683,7,594587,-9.794,0.319,1,audio_features,spotify:track:7j6DqnrZpLKdpfX8wcb233,Three Sides of Nazareth,Nicolas Jaar
0.657,0.0713,115.958,0.105,0.264,0.00619,4,0.863,7,235813,-7.295,0.829,1,audio_features,spotify:track:1LzguIGcb1qtA1Kw9pfwAP,No Roots,Alice Merton
0.2,0.105,175.047,0.0403,0.887,0.00857,4,0.217,0,412482,-10.233,0.1,1,audio_features,spotify:track:0PZgWJCQF4L4AZBXSI27Ws,Ara Som Gegants,Joan Dausà
0.597,0.26,131.983,0.0348,0.307,0.014,4,0.608,9,266801,-7.891,0.676,1,audio_features,spotify:track:7fMUp59CqXoGYigVK2FbVl,Obriu-me el Cap,Joan Dausà
0.296,0.112,173.99,0.0384,0.684,0.0573,4,0.496,2,318025,-12.664,0.15,0,audio_features,spotify:track:56kl39mP1eo6ZcmJaiC2RS,Caure No Feia Mal,Joan Dausà
0.791,0.135,137.996,0.0449,0.0369,0.0,4,0.675,5,159423,-5.767,0.961,1,audio_features,spotify:track:4Ews3V2EE9m2KmBxR0MNri,La Gran Eufòria,Joan Dausà
0.73,0.142,92.437,0.0433,0.569,1.33e-06,3,0.426,2,118859,-7.39,0.655,1,audio_features,spotify:track:1ytfO7s2XcIWiSU5lqNyqx,Tanca els Ulls,Joan Dausà
0.272,0.0899,101.974,0.0294,0.61,0.000816,4,0.491,0,272249,-10.5,0.0971,1,audio_features,spotify:track:4x4RVWFnzQrvSwwG351I1p,Nàufrags,Joan Dausà
0.275,0.0962,81.873,0.0308,0.828,0.000295,1,0.346,2,261088,-8.353,0.218,1,audio_features,spotify:track:73dgyDBCxA0dhoCs1ReTDj,Quan Tot És Cert,Joan Dausà
0.543,0.595,167.633,0.0468,0.144,0.848,4,0.413,6,373653,-15.417,0.709,0,audio_features,spotify:track:26qIVWus5hMZUcWeJUxeJx,August Twelve,Khruangbin
0.757,0.0859,104.997,0.038,0.128,0.485,4,0.659,9,348093,-5.275,0.553,0,audio_features,spotify:track:5wQ4WwvlMMk0B7EKL5RBOM,Gamesofluck,Parcels
0.835,0.669,116.993,0.0701,0.025,0.00243,4,0.512,11,452105,-6.493,0.242,1,audio_features,spotify:track:2OPmeyf31LlcIpYcJ4aegt,Safe and Sound (WWW),Justice
0.782,0.672,115.002,0.0323,0.0613,3.37e-06,4,0.58,6,196198,-5.951,0.274,0,audio_features,spotify:track:0LpnNgvF6z5HJYAgLClfMB,D.A.N.C.E. (WWW),Justice
0.921,0.426,116.998,0.0996,0.0124,0.00131,4,0.555,6,287253,-7.058,0.217,0,audio_features,spotify:track:50fkJxrv0ZLTt9EHZGBOP7,Canon x Love S.O.S. (WWW),Justice
0.767,0.104,117.056,0.12,0.00409,0.605,4,0.541,9,285097,-6.836,0.258,1,audio_features,spotify:track:7GTZa1773faSYybRdGDIjk,Genesis x Phantom (WWW),Justice
0.692,0.164,117.034,0.0489,0.00666,0.000258,4,0.598,7,338491,-5.911,0.412,1,audio_features,spotify:track:4qjaG01IhHt3ZdO1FVakbs,Pleasure x Newjack x Civilization (WWW),Justice
0.69,0.644,117.168,0.0367,0.00751,0.000538,4,0.393,9,283074,-7.031,0.075,1,audio_features,spotify:track:1qXBcPpscF2eynmVkITml7,Heavy Metal x DVNO (WWW),Justice
0.48,0.394,126.984,0.0358,0.0012,0.00398,4,0.431,10,348098,-6.182,0.0399,1,audio_features,spotify:track:6A1f57LykyUCDhbdj4tBcz,Stress (WWW),Justice
0.753,0.663,121.042,0.0533,0.0612,0.0,4,0.391,10,285073,-6.465,0.083,1,audio_features,spotify:track:0oBwbnefM7yniHJPjNrIVK,Love S.O.S. (WWW),Justice
0.787,0.871,121.014,0.061,0.00128,0.00215,4,0.572,5,369476,-6.339,0.2,1,audio_features,spotify:track:62XMD2zZ0SI9pDKOBuG9we,Alakazam ! x Fire (WWW),Justice
0.766,0.155,124.248,0.0757,0.00459,0.000841,4,0.372,7,391782,-5.23,0.151,1,audio_features,spotify:track:0sibHAYzpx9FJRrGRr137u,Waters of Nazareth x We Are your Friends x Phantom 2 (WWW),Justice
0.772,0.0847,152.0,0.045,0.000503,0.855,4,0.438,4,364964,-7.665,0.154,1,audio_features,spotify:track:3DRcwunruhHB26AHT2jekM,Chorus (WWW),Justice
"0.734,0.305,152.007,0.0391,0.105,0.672,4,0.373,9,377395,-7.146,0.192,1,audio_features,spotify:track:1xB3YT8Rakvnfcc1dp2kzJ,""Audio, Video, Disco (WWW)"",Justice"
0.513,0.248,84.918,0.0322,0.059,0.0209,4,0.486,1,266702,-7.898,0.541,1,audio_features,spotify:track:4vIS6tLNyk9Rq8oU2z4pBZ,Stop (WWW),Justice
0.683,0.645,113.83,0.0502,0.0122,0.0597,4,0.329,9,453706,-7.01,0.399,0,audio_features,spotify:track:4hYuIP1OPSnraNSWUlgKaT,Randy (WWW),Justice
0.903,0.384,121.08,0.0749,0.00547,8.61e-05,4,0.412,4,382765,-5.955,0.106,1,audio_features,spotify:track:2BbUJuG2a06CQntBvL1B2T,D.A.N.C.E. x Fire x Safe and Sound (WWW),Justice
0.687,0.645,113.742,0.051,0.0124,0.0557,4,0.327,7,453706,-7.012,0.419,1,audio_features,spotify:track:03ZzMSzg8DlBSl0cD7Hpxl,Randy (WWW),Justice
0.524,0.237,85.03,0.0303,0.12,0.073,4,0.511,1,209826,-8.342,0.491,1,audio_features,spotify:track:0Dx2JcexaaBU11URKp9Fc1,Stop (WWW) - Radio Edit,Justice
0.899,0.381,121.038,0.074,0.00543,7.21e-05,4,0.427,4,382765,-5.959,0.123,1,audio_features,spotify:track:57w72jYf2LZdPO8x4LCEFi,D.A.N.C.E. x Fire x Safe and Sound (WWW),Justice
0.745,0.102,133.193,0.0839,0.00237,0.17,4,0.783,4,509539,-11.5,0.888,0,audio_features,spotify:track:17okhFS3QwBN3nsUZDrFBr,Locked,Four Tet
0.7,0.102,132.944,0.038,0.692,0.859,4,0.653,11,233883,-15.138,0.51,0,audio_features,spotify:track:133Ua3dR8fOR8uP7adVcL4,Parallel Jalebi,Four Tet
0.772,0.031,125.012,0.0438,0.174,0.934,4,0.671,9,341760,-9.26,0.518,0,audio_features,spotify:track:2LmL53XRRZqvnXRb24UCRp,SeeSaw (Club Version),Jamie xx
0.27,0.129,104.032,0.0335,0.54,0.682,4,0.395,4,283947,-14.283,0.27,0,audio_features,spotify:track:5bqemq8TkmXBEGt0rXIiGt,Reckoner,Vitamin String Quartet
0.615,0.201,149.942,0.0912,0.0418,0.0834,4,0.454,2,305000,-9.076,0.0964,1,audio_features,spotify:track:410fAd2tXU8aEb4vrGzslY,Give Up The Ghost (Brokenchord Rmx),Radiohead
0.575,0.387,72.52,0.0332,0.464,0.00509,1,0.441,2,274373,-10.58,0.0678,0,audio_features,spotify:track:7krim8C3DpTu1ShdoZezix,Codex (Illum Sphere),Radiohead
0.455,0.0812,113.752,0.0716,0.443,0.641,4,0.461,10,423000,-12.403,0.375,0,audio_features,spotify:track:4raxzmnFq93jfKC8c3xcIv,Separator (Four Tet RMX),Radiohead
0.894,0.115,119.968,0.102,0.313,0.849,4,0.596,4,373760,-9.477,0.143,0,audio_features,spotify:track:1gaAIZ4vGQ6QvDUgN2Xyus,Give Up The Ghost (Thriller Houseghost Remix),Radiohead
0.656,0.0679,104.282,0.0264,0.511,0.156,4,0.518,4,290213,-7.438,0.203,0,audio_features,spotify:track:56Z7hbyMrndw1naxb6I5Oi,Reckoner,Radiohead
0.459,0.155,105.01,0.0529,0.623,0.857,4,0.599,4,307010,-15.239,0.311,0,audio_features,spotify:track:6N3g7nE4CAbqSEzuMU1li0,Reckoner - Live At Capitol Studios / 2014,Robert Glasper
0.596,0.0834,124.964,0.053,0.0193,0.000704,4,0.511,11,337947,-5.05,0.0814,0,audio_features,spotify:track:6MVXdWtPSNMlpn7BuGtCWD,Chronicles of a Fallen Love,The Bloody Beetroots
0.67,0.199,95.23,0.0791,0.144,0.00265,4,0.796,2,277413,-5.486,0.44,1,audio_features,spotify:track:6fQiBTaKjW43HCcaYwSdwj,Cooler Couleur,Crookers
0.631,0.104,130.016,0.0274,0.0864,0.00112,4,0.432,9,270744,-7.275,0.17,1,audio_features,spotify:track:4kefmGM5gz8I8GlAqSTn0g,Presence,Justice
0.873,0.307,125.413,0.0371,0.000279,0.696,4,0.597,11,269720,-7.335,0.382,0,audio_features,spotify:track:5RxJENtSzEkPr6N6476Xtx,Wayfarer,Kavinsky
0.803,0.0635,129.991,0.172,0.00224,0.771,4,0.73,11,273547,-7.623,0.796,0,audio_features,spotify:track:1fWQpfqqp16vhc2PVjYUnG,I’m A Man,Black Strobe
0.759,0.217,120.009,0.0376,0.238,0.00537,4,0.746,4,258480,-7.371,0.845,0,audio_features,spotify:track:0sQkaT8KRwCYRB4JgJKkxT,Crimewave,Crystal Castles
0.773,0.305,123.974,0.0369,0.0022,0.835,4,0.492,2,365080,-5.845,0.197,0,audio_features,spotify:track:1xrr9bAS0zfjCXdLKpLJnA,Swoon,The Chemical Brothers
0.743,0.309,119.882,0.0494,0.282,0.803,4,0.669,7,227867,-11.488,0.279,1,audio_features,spotify:track:7cMFjxhbXBpOlais7KMF3j,Voyager,Daft Punk
0.87,0.264,119.983,0.028,0.00441,9.82e-05,4,0.683,0,242547,-7.197,0.519,0,audio_features,spotify:track:0AEB5IhgCxr4Nt8L5CrRBX,Vanished,Crystal Castles
0.92,0.114,127.001,0.0531,0.119,0.508,4,0.632,2,290493,-4.976,0.363,1,audio_features,spotify:track:7kXmJwrZGIhDaLT9sNo3ut,Hey Boy Hey Girl,The Chemical Brothers
0.697,0.332,122.752,0.133,0.0193,0.0,4,0.611,2,320357,-8.618,0.476,1,audio_features,spotify:track:0DiWol3AO6WpXZgp0goxAV,One More Time,Daft Punk
"0.215,0.108,121.933,0.0564,0.842,0.976,3,0.61,6,92720,-22.687,0.915,1,audio_features,spotify:track:5ek9nshXGyqVHpMnwCEfqB,""Sonata Quinta in g minor, Op. 26: Giga: Staccatto"",""Brandywine Baroque: Douglas McNames, Karen Flint & Vivian Barton"""
0.617,0.315,89.988,0.0587,0.301,0.234,3,0.739,10,291520,-10.487,0.36,1,audio_features,spotify:track:4lbHRvj5vJbuonQtxQkxok,Sexto Contagio: Arroz Congrí,Alonso Arreola
"0.858,0.0906,114.614,0.0523,0.297,0.00323,4,0.65,11,191200,-8.63,0.955,0,audio_features,spotify:track:5ewxaF5cInYvQ8oeNKeN6d,Jupiter,""Earth, Wind & Fire"""
"0.872,0.22,105.218,0.0787,0.00884,0.381,4,0.655,11,227013,-4.192,0.664,0,audio_features,spotify:track:7Gf3INxZR3MOAVkSOKC3p0,Dirty,""Earth, Wind & Fire"""
0.678,0.0873,170.287,0.0301,0.457,0.0384,4,0.436,5,294867,-7.211,0.194,1,audio_features,spotify:track:1hHuyqVCZCbhYQixEkdQCo,Sing For Absolution,Muse
0.723,0.0863,102.833,0.0312,0.00405,0.501,4,0.558,0,454480,-11.214,0.526,0,audio_features,spotify:track:0qG1teoBvooRo7Z5Z8edCk,La ritournelle,Sébastien Tellier
0.753,0.131,109.01,0.0429,0.473,0.911,4,0.827,6,160480,-6.69,0.747,0,audio_features,spotify:track:2Lt6XpDCo3xETDwWgvZJIY,Murderers,John Frusciante
"0.0754,0.128,74.812,0.0504,0.943,0.894,4,0.386,0,254947,-26.107,0.651,0,audio_features,spotify:track:45wXZS6elH1pyW5jMkYPrp,""Cello Suite No. 5 in C Minor, BWV 1011: V. Gavottes I & II"",Johann Sebastian Bach"
0.74,0.13,115.984,0.0258,0.00226,0.0305,4,0.729,9,219293,-5.444,0.966,1,audio_features,spotify:track:5KBU7oxkNJ0hDGby9A1plU,After the Disco,Broken Bells
0.477,0.0914,144.855,0.102,0.281,0.000822,4,0.457,8,188336,-9.323,0.627,1,audio_features,spotify:track:0ZpBPavoID3eDbaXKSWpAD,Friends (feat. Bon Iver),Francis and the Lights
0.435,0.0913,90.033,0.0647,0.464,5.27e-06,4,0.784,8,195356,-9.197,0.865,1,audio_features,spotify:track:0VaIsQoIQY10uxBrOyZ5cQ,May I Have This Dance (Remix) [feat. Chance the Rapper],Francis and the Lights
0.893,0.148,195.961,0.0705,0.46,0.000249,4,0.606,2,194427,-5.411,0.774,0,audio_features,spotify:track:0WqfoaxUvOhkOcUYv0rtLx,Black & White,Rudy Mancuso
0.851,0.101,121.953,0.0425,0.0264,0.000179,4,0.649,7,197187,-2.718,0.262,1,audio_features,spotify:track:2Xa9noXOlgoqSyDYAlwKs1,Salvage (Up All Night) [feat.Poo Bear],Galantis
0.91,0.318,126.047,0.0566,0.0079,0.0,4,0.653,10,234286,-3.36,0.0921,1,audio_features,spotify:track:57p8CBvPOxrvyCbn6ttl5r,Would You Ever,Skrillex
0.822,0.132,145.56,0.057,0.67,0.00115,4,0.67,9,196987,-6.687,0.833,0,audio_features,spotify:track:0mr34YS5FIX0b2mi03HuhE,Já Sei Namorar - 2004 Digital Remaster,Tribalistas
0.728,0.12,100.112,0.171,0.198,5.67e-05,4,0.588,10,218400,-5.893,0.434,0,audio_features,spotify:track:4h7eeTElsQMwqzFhu5u2of,Aloha,Møme